f1_makespan,f2_cost,f3_energy
12241.959058278218,113652.3682811433,178971.26123076884
