f1_makespan,f2_cost,f3_energy
17239.843218520316,109386.02007099782,168079.31607692305
16753.28632466542,110439.81409063772,169966.32346153824
16302.330027265416,111218.87534984767,172358.83200000017
15833.342853793933,111651.63212096207,172855.25192307672
16225.40560065588,111353.10398485462,172816.1503846154
16584.96056807889,110336.47201969716,170263.35553846127
