f1_makespan,f2_cost,f3_energy
16496.904900330643,108956.58898115555,167715.34246153824
17948.891274849797,107915.9784896849,165431.34299999976
17787.215089568985,109222.49345699202,167128.84338461512
20259.804606619356,108134.11236215288,164682.0867692308
16202.657734757247,109386.86592144264,168107.6766923075
15800.906048584624,109315.57409248351,168709.08576923088
14797.103240292774,110333.03218912655,171216.89630769263
16556.81849020149,108697.72186577317,167141.3056153846
15186.947464694198,110629.3405808868,171070.0190769231
