f1_makespan,f2_cost,f3_energy
17239.979414072306,109386.41542028867,168079.31607692305
16786.452207183884,110440.15493139379,169966.32346153824
16302.873680619921,111219.31499674852,172358.83200000017
15833.47904182087,111652.08783852316,172855.25192307672
16256.233298236557,111353.67764350623,172816.1503846154
16616.63114170499,110336.95806882401,170263.35553846127
