f1_makespan,f2_cost,f3_energy
12240.52351654815,113650.86984460232,178980.0413076922
