f1_makespan,f2_cost,f3_energy
12240.268531069594,113649.74665220127,178978.60153846117
