f1_makespan,f2_cost,f3_energy
12360.870397738821,113721.83699817088,179243.93976923072
