f1_makespan,f2_cost,f3_energy
12241.933071135438,113651.91277089095,178970.67899999983
