f1_makespan,f2_cost,f3_energy
16836.180227523535,109891.63527395696,169297.41530769228
18594.743519432544,110132.36637665945,168927.78623076892
18853.20466002157,109028.61341992697,166931.70299999975
15904.776751142306,110058.8364171224,170893.67907692314
