f1_makespan,f2_cost,f3_energy
17134.007205295202,108388.96055082876,165744.67938461545
16032.179770272556,109389.4054600361,168789.38261538453
17040.105246626517,108881.5335766839,167078.28969230765
15395.276990377657,109472.48085883155,168875.3593846151
14635.918502746754,110730.55604199924,171800.22484615372
16307.120215581124,109444.57131599459,168499.56484615384
16163.260981779064,109430.48085184468,168626.96423076914
17499.706840483108,107718.83879462526,164899.41115384595
15338.040563113545,110452.92703551316,170949.83169230787
