f1_makespan,f2_cost,f3_energy
12246.125,113651.98971986804,178983.90438461534
