f1_makespan,f2_cost,f3_energy
16866.01676005423,109892.21762936239,169297.41530769228
18594.87971367976,110132.69111141993,168927.78623076892
18853.20466002157,109029.01955934205,166931.70299999975
15904.776751142306,110059.09635963378,170893.67907692314
