f1_makespan,f2_cost,f3_energy
12241.998085230403,113648.85888571477,178965.9793846151
