f1_makespan,f2_cost,f3_energy
12241.938736624697,113651.51193703357,178969.96061538428
