f1_makespan,f2_cost,f3_energy
15803.08210925027,109395.34339581567,168917.25138461543
14961.294069662796,110329.84703009074,171329.50707692272
14910.023153924403,112815.10887712686,176873.2116923075
16449.69737683585,108428.95080763802,166028.187230769
15551.910381787837,110315.8548645851,170529.45946153853
20889.138237632298,108443.34290728215,165287.41315384608
21136.74418092335,108445.77020368555,165078.28038461538
16368.779745571086,109118.96320035728,167707.26923076937
19894.044099152652,108871.05492867237,165920.92153846138
