f1_makespan,f2_cost,f3_energy
14889.113335170005,111404.64239233287,173408.04369230766
15355.599999999993,109279.32986932626,168231.72276923098
16643.378285664316,108348.61791373501,165991.17438461588
16020.50103044558,109259.85427407232,168612.99115384585
16274.39069445201,108520.81870703078,166151.38846153807
20312.096748703938,107976.882058352,164101.03523076928
15241.693721085068,110655.35294945119,171225.0796153843
16552.78424953236,108447.4481183719,165926.42284615382
