f1_makespan,f2_cost,f3_energy
12240.5625,113650.2830347892,178979.81492307654
