f1_makespan,f2_cost,f3_energy
12239.932462011355,113649.30145240805,178977.6507692306
