f1_makespan,f2_cost,f3_energy
12362.681821613232,113723.65721051914,179248.09661538462
