f1_makespan,f2_cost,f3_energy
17257.18974733123,110315.96433250871,169428.30599999984
17341.14508506399,109579.12358455473,168888.21992307674
15977.457873816522,111748.66648201294,173153.70253846166
15753.420830083172,113908.70928983513,178046.57861538444
17683.59600894417,108772.16251581618,166737.70269230753
17112.69165575453,110417.31329580625,171042.18069230777
17301.045344691942,109763.94365343533,167952.28015384605
18787.970566200478,108468.81764955953,165842.8280769231
16859.115885558364,110916.14640111671,170935.78869230775
