f1_makespan,f2_cost,f3_energy
12354.875,113721.05950019634,179242.02484615368
