f1_makespan,f2_cost,f3_energy
18217.469124725558,109771.27135767174,168428.1689999999
15900.122175853672,111482.25979880466,172872.65284615383
16574.900000000005,109509.77792647578,168443.83961538482
15556.246507109076,111459.98930206621,173453.31392307638
18529.000357247638,109072.54921202689,167157.5780769231
16100.973877577286,110685.37240261002,172039.0728461537
