f1_makespan,f2_cost,f3_energy
17272.56025867738,109390.8491154235,168079.31607692305
17109.740901607456,110444.04869154481,169966.32346153824
16333.697980340754,111224.13293389708,172358.83200000017
15833.442865836025,111656.82915333241,172855.25192307672
16926.35301592303,110342.14394387907,170263.35553846127
