f1_makespan,f2_cost,f3_energy
12394.64118244048,113716.82744194509,179234.33469230746
