f1_makespan,f2_cost,f3_energy
12241.924854039225,113650.2794788523,178967.92407692273
