f1_makespan,f2_cost,f3_energy
12352.75,113719.95963991308,179240.26569230732
